,sequence,count
0,CCGTATCTTAAC,1
1,CGTATCTTAACCTT,109
2,CCT,16
3,TATCTTAACCTTCTA,115
4,ATCTTAACCTTCTAC,116
5,TTTTCCGTATCTTAACCT,371
6,TGTTTTCCGTATCTTAACC,74
7,ATCTTAACCTTCTACATTG,2
8,CTTAACCTTCTACATTG,73
9,GTATCTTAACCT,35
10,CGTATCTTAACCTTCTA,746
11,TCCGTATCTTAACCTTCTACA,80
12,CCATCAAAAAAGTTGTTTTCCGTATCTTAACCT,1
13,T,84
14,CCGTATCTTAACC,2
15,TTCCGTATCTTAACCTTCTACA,141
16,TCCGTATCTTAAC,2
17,GTTTTCCGTATCTTAACC,1
18,TTTCCGTATCTTAACCTTC,227
19,TCTTAACCT,13
20,CTTAAC,1
21,TTTCCGTATCTTAACCTTCTA,1
22,TTTTCCGTATCTTAACC,387
23,TTTCCGTATCTTAACC,881
24,TCAAAAAAGTTGTTTTCCGTATCTTAACCT,195
25,ATCTTAACCTTC,1
26,TATCTTAACC,65
27,CCGTATCTTAACCTTCTACATTG,194
28,TCC,2
29,C,148
30,G,194
31,TTCCGTATCTTAACCTTCTACATTGGC,568
32,TTTCCGTATCTTAACCTTCTACA,1493
33,TTTTCCGTATCTTAACCTTCTACA,144
34,TCAAAAAAGTTGTTTTCCGTATCTTAACCTTCTAC,1
35,TCTTAACCTTC,346
36,TTCCG,1
37,CCATCAAAAAAGTTGTTTTCCGTATCTTAACCTTCT,158
38,CGTATCT,1
39,TCCGTATCTTAACCTTCTACATTGG,1
40,TCCGTATCTTAACCTTCTACATTGGC,256
41,TCTTAACCTTCTACATTGGCTCTCTAT,1
42,CAAAAAAGTTGTTTTCCGTATCTTAACCTTCTA,82
43,CTTAACCTTCTAC,1
44,CCGTATCTTAACCTTCTACATTGG,2
45,TGTTTTCCGTATCTTAACCTTC,73
46,CTA,1
47,TTTCCGTATCTTAACCTTCTACATTGG,390
48,TATCTTAACCT,334
49,AACC,1
50,CCGTATCTTAACCTTCTA,73
51,TATCTTAACCTTC,1
52,CTTCTACATTGGCT,108
53,CCATCAAAAAAGTTGTTTTCCGTATCTTAACCTTC,122
54,TTTCCG,1
55,CC,2
56,GTATCTTAACCTTCT,251
57,GTATCTTA,16
58,GCCATCAAAAAAGTTGTTTTCCGTATCTTAACCTT,1
59,TCCGTATCTTAACC,423
60,TCCGTATCTTAACCTTCTACATTGGCTC,311
61,CATCAAAAAAGTTGTTTTCCGTATCTTAACCTTCTA,121
62,TTAACCTTCTA,2
63,ATCTTAACCTTCTA,1
64,ATCTTAACCTTCTACATTGGC,1
65,TCCGTATCTTAACCTTCTAC,103
66,TTCCGTATCTTAACCTTC,60
67,ATCTTAACC,4
68,CGTATCTTAACCTTCTACATTGG,333
69,GTTTTCCGTATCTTAACCTTCTAC,178
70,CTACATTGGCTCTC,1
71,TT,2
72,CCGTATCTTAACCTTCTACATTGGCTC,1
73,TTTCCGTATCTTAACCTTCTACATTGGC,270
74,TTTTC,73
75,TG,2
76,TTCCGTATCTTAACC,3837
77,A,130
78,AC,79
79,TTTCC,4
80,AT,1
81,TCCGTATCTTAACCTTC,108
82,TTTCCGTATCTTAACCTTCTACATTGGCTCTC,74
83,AGTTGTTTTCC,1
84,TTGGC,1
85,TTGTTTTCCGTATCTTAACCTTCTACA,355
86,TTCCGTATCTTAACCTTCTACATTG,77
